instancia,zonas,lado_zona_m,movilizacion_%,metodos_usados,brecha_LP_F1_%,brecha/movilizacion
L10_s11,100,39.7,4.68,"CDP, CGR, VCP",2.27,0.49
L10_s22,100,39.7,5.29,"CDP, CGR, VCP",3.68,0.69
L10_s33,100,39.7,5.99,"CDP, CGR, VCP",2.48,0.41
L20_s11,400,19.9,6.49,"CDP, CGR, VCP",4.35,0.67
L20_s22,400,19.9,4.25,"CDP, CGR, CIR, VCP",3.68,0.87
L20_s33,400,19.9,6.06,"CDP, CGR, CIR, VCP",2.79,0.46
L30_s11,900,13.2,6.72,"CDP, CGR, VCP",4.08,0.61
L30_s22,900,13.2,9.63,"CGR, CIR, VCP",7.8,0.81
L30_s33,900,13.2,8.46,"CDP, CGR, CIR, VCP",4.72,0.56
L40_s11,1600,9.9,5.02,"CDP, CGR, VCP",3.12,0.62
L40_s22,1600,9.9,7.56,"CDP, CGR, CIR, VCP",4.97,0.66
L40_s33,1600,9.9,4.92,"CDP, CGR, VCP",2.99,0.61
L50_s11,2500,7.9,9.78,"CDP, CGR, CIR, VCP",6.06,0.62
L50_s22,2500,7.9,4.09,"CGR, VCP",1.88,0.46
L50_s33,2500,7.9,4.9,"CDP, CGR, VCP",2.94,0.6
