instancia,zonas,semilla,formulacion,variables,restricciones,no_nulos,z_LP,z_IP,brecha_LP_%,integrality_gap,nodos,cortes,cortes_activos,cerrada_raiz_%,t_medio_s,t_desv_s,estado,brecha_opt_%,ofertas_movilizadas
L10_s11,100,11,F1,912,112,1806,11857421.186547322,12133220.356308822,2.2730912458710444,1.0232596249574404,1,31,1,100.0,0.0613136666676534,0.008660351975856847,optimal,0.0,3
L10_s11,100,11,F2,912,997,2691,12133220.35630882,12133220.356308822,1.535161395352431e-14,1.0000000000000002,1,0,0,,0.02491556666791439,0.00047807928222104706,optimal,0.0,3
L10_s22,100,22,F1,1092,115,2169,8994300.747214997,9337578.318815101,3.6763019262543035,1.0381661211080135,1,17,0,100.0,0.08912826666831582,0.0017642504757720114,optimal,0.0,3
L10_s22,100,22,F2,1092,1177,3231,9337578.318815108,9337578.318815101,-7.979135855718612e-14,0.9999999999999992,1,0,0,,0.02752580000378657,0.0004097926186530017,optimal,0.0,3
L10_s33,100,33,F1,903,112,1788,10661044.70935226,10931868.716120498,2.4773807095658924,1.0254031395751169,1,40,3,100.0,0.04768289999871437,0.0003751580018505392,optimal,0.0,3
L10_s33,100,33,F2,903,988,2664,10931868.7161205,10931868.716120498,-1.7038671041523198e-14,0.9999999999999998,1,0,0,,0.02337670000027477,0.00047300658605749793,optimal,0.0,3
L20_s11,400,11,F1,4377,415,8739,8389193.36494149,8771071.14839484,4.353832924080601,1.0455202028182136,1,84,11,100.0,0.4071793333302291,0.002395545875920008,optimal,0.0,3
L20_s11,400,11,F2,4377,4762,13086,8771071.148394838,8771071.14839484,2.123623349665602e-14,1.0000000000000002,1,0,0,,0.11507339999661781,0.002115065402841358,optimal,0.0,3
L20_s22,400,22,F1,4536,415,9057,7929625.568114027,8232923.915791851,3.6839687914041854,1.038248760306845,1,221,20,100.0,0.6651797999996537,0.00833671755736509,optimal,0.0,4
L20_s22,400,22,F2,4536,4921,13563,8232923.915791846,8232923.915791851,5.65608636822865e-14,1.0000000000000007,1,0,0,,0.1955191000039728,0.0014597543603705606,optimal,0.0,4
L20_s33,400,33,F1,3987,415,7959,8369785.31328392,8609782.01551042,2.7874887168356635,1.0286741766058913,1,19,0,99.99823196261211,0.36853743333388894,0.006155157982958485,optimal,4.928384269680337e-05,4
L20_s33,400,33,F2,3987,4372,11916,8609782.015510423,8609782.01551042,-4.326811400974901e-14,0.9999999999999996,1,0,0,,0.19591130000238385,0.015708464162700712,optimal,0.0,4
L30_s11,900,11,F1,9315,915,18615,8942754.763380218,9323067.536480917,4.079266524805752,1.0425274742697905,1,37,37,100.0,3.0283663333320874,0.09037757809116435,optimal,0.0,3
L30_s11,900,11,F2,9315,10200,27900,9323067.53648091,9323067.536480917,7.991554890887472e-14,1.0000000000000009,1,0,0,,0.4339946000012181,0.0190666333883815,optimal,0.0,3
L30_s22,900,22,F1,10926,915,21837,5478344.579119756,5941769.298794789,7.799439802703769,1.0845921086164125,1,393,26,100.00000000000001,2.7960749000000455,0.1220899800935952,optimal,0.0,3
L30_s22,900,22,F2,10926,11811,32733,5941769.298794794,5941769.298794789,-7.837081244507299e-14,0.9999999999999992,1,0,0,,0.48021250000116805,0.00042276646079253866,optimal,0.0,3
L30_s33,900,33,F1,9396,915,18777,6412590.213176836,6730012.6610907465,4.716520813535364,1.049499880292001,1,160,13,100.0,3.0680439333348963,0.009908701610997342,optimal,0.0,4
L30_s33,900,33,F2,9396,10281,28143,6730012.661090743,6730012.6610907465,5.535339212657809e-14,1.0000000000000004,1,0,0,,0.2688487000026119,0.005461481815627051,optimal,0.0,4
L40_s11,1600,11,F1,16374,1615,32733,9385943.591423957,9688617.93572419,3.1240198169462547,1.032247620215488,1,94,0,100.0,3.764213666666668,0.22528329504564718,optimal,0.0,3
L40_s11,1600,11,F2,16374,17959,49077,9688617.93572419,9688617.93572419,0.0,1.0,1,0,0,,0.7189512999999957,0.008791847225027622,optimal,0.0,3
L40_s22,1600,22,F1,18213,1615,36411,8284214.780359984,8717606.067052022,4.971448392581411,1.0523153126980134,1,267,107,81.52429750337525,6.48020339999736,0.12696746554207008,optimal,0.0,4
L40_s22,1600,22,F2,18213,19798,54594,8717606.067052025,8717606.067052022,-4.273295064962338e-14,0.9999999999999996,1,0,0,,0.8058731666678796,0.011212770420802605,optimal,0.0,4
L40_s33,1600,33,F1,15852,1615,31689,10925759.971175183,11262653.085080542,2.99124115215478,1.0308347533530084,1,482,83,84.02022614277726,11.795862199998131,0.4056272835406734,optimal,0.0,3
L40_s33,1600,33,F2,15852,17437,47511,11262653.085080557,11262653.085080542,-1.3230595918458138e-13,0.9999999999999987,1,0,0,,0.7172540333364547,0.014898936431272753,optimal,0.0,3
L50_s11,2500,11,F1,27177,2515,54339,6466670.79596979,6883541.882201874,6.056055056626418,1.0644645597997489,3,451,241,78.29695342063836,17.070256866667478,1.017521684291479,optimal,0.0,4
L50_s11,2500,11,F2,27177,29662,81486,6883541.882201884,6883541.882201874,-1.4882670137097048e-13,0.9999999999999986,1,0,0,,1.3692424666684626,0.11737093173844707,optimal,0.0,4
L50_s22,2500,22,F1,22092,2512,44166,11629299.785020988,11852662.101793313,1.8844907148625298,1.019206858615858,1,232,69,100.0,10.967255000000781,0.18134503513363393,optimal,0.0,2
L50_s22,2500,22,F2,22092,24577,66231,11852662.10179334,11852662.101793313,-2.200099173103731e-13,0.9999999999999978,1,0,0,,1.0295587666648014,0.03067487869612403,optimal,0.0,2
L50_s33,2500,33,F1,26211,2515,52407,9032103.319434103,9305501.184779447,2.9380240775481012,1.0302695679706277,1,549,31,100.0,9.686762533334937,0.07521681670368627,optimal,0.0,3
L50_s33,2500,33,F2,26211,28696,78588,9305501.184779441,9305501.184779447,6.004980641808723e-14,1.0000000000000007,1,0,0,,0.8108434666670897,0.028358427390259372,optimal,0.0,3
